[{"pk": 1, "model": "main.project", "fields": {"plate": 1, "name": "A Test Screen", "deleted": false, "agreement": "", "experiment": 1, "replicate": 2, "user": [1], "score": [1, 2], "leader": 1, "description": ""}}, {"pk": 2, "model": "main.project", "fields": {"plate": 1, "name": "testoij", "deleted": false, "agreement": "", "experiment": 1, "replicate": 2, "user": [1], "score": [1, 2], "leader": 1, "description": " sdoifjsodifj"}}, {"pk": 1, "model": "main.experiment", "fields": {"create_by": 1, "readout": [1, 2, 3, 4], "name": "fluorescence polarization (FP) standard", "description": ""}}, {"pk": 1, "model": "main.score", "fields": {"formular": " ({FP.all.neg.avg}-{FP.all.avg})/{FP.all.neg.std}", "create_by": 1, "name": "Zscore", "description": " standard zscore calculation"}}, {"pk": 2, "model": "main.score", "fields": {"formular": "{Zscore}/2", "create_by": 1, "name": "LYscore", "description": " test"}}, {"pk": 4, "model": "main.score", "fields": {"formular": "{FP.all.avg}", "create_by": 1, "name": "test2", "description": " xxx123"}}, {"pk": 5, "model": "main.score", "fields": {"formular": "123123123", "create_by": 2, "name": "222", "description": "32123123"}}, {"pk": 6, "model": "main.score", "fields": {"formular": "1 if {Zscore} > 30 else 0", "create_by": 1, "name": "test3", "description": "ddd"}}, {"pk": 1, "model": "main.readout", "fields": {"keywords": "mP value for FP measurement", "create_by": 1, "name": "FP", "description": ""}}, {"pk": 2, "model": "main.readout", "fields": {"keywords": "Total fluorescence intensity", "create_by": 1, "name": "FI", "description": ""}}, {"pk": 3, "model": "main.readout", "fields": {"keywords": "P channel (RFU)", "create_by": 1, "name": "P_channel", "description": ""}}, {"pk": 4, "model": "main.readout", "fields": {"keywords": "S channel", "create_by": 1, "name": "S_channel", "description": ""}}, {"pk": 1, "model": "main.plate", "fields": {"origin": "tl", "rows": "A,B,C,D,E,F,G,H,I,J,K,L,M,N,O,P", "numofwells": 384, "name": "384 standard", "columns": "01,02,03,04,05,06,07,08,09,10,11,12,13,14,15,16,17,18,19,20,21,22,23,24"}}, {"pk": 1, "model": "main.submission", "fields": {"status": "p", "log": "plates in queue: 3266,3267", "comments": "", "project": 1, "submit_by": 1, "submit_time": "2013-12-31T20:43:29Z", "progress": 0, "jobtype": "upload", "result": ""}}, {"pk": 2, "model": "main.submission", "fields": {"status": "c", "log": "plates in queue: 3266,3267;plate: 3266 uploaded;plate: 3267 uploaded", "comments": "", "project": 1, "submit_by": 1, "submit_time": "2013-12-31T20:45:11Z", "progress": 0, "jobtype": "upload", "result": ""}}, {"pk": 3, "model": "main.submission", "fields": {"status": "c", "log": "plates in queue: 3266,3267;plate: 3266 uploaded;plate: 3267 uploaded", "comments": "", "project": 1, "submit_by": 1, "submit_time": "2013-12-31T19:10:05.278Z", "progress": 0, "jobtype": "upload", "result": ""}}, {"pk": 4, "model": "main.submission", "fields": {"status": "p", "log": "", "comments": "xx", "project": 1, "submit_by": 1, "submit_time": "2014-01-02T00:00:11.083Z", "progress": 0, "jobtype": "addtohitlist", "result": ""}}, {"pk": 5, "model": "main.submission", "fields": {"status": "c", "log": "Job completed at 2014-01-02 00:01:28.666000", "comments": "", "project": 1, "submit_by": 1, "submit_time": "2014-01-02T00:01:28.616Z", "progress": 0, "jobtype": "addtohitlist", "result": ""}}, {"pk": 37, "model": "main.submission", "fields": {"status": "c", "log": "Job completed at 01/02/14,09:00", "comments": "", "project": 1, "submit_by": 1, "submit_time": "2014-01-02T09:00:33.418Z", "progress": 0, "jobtype": "addtohitlist", "result": ""}}, {"pk": 38, "model": "main.submission", "fields": {"status": "c", "log": "Job completed at 01/02/14,09:02", "comments": "", "project": 1, "submit_by": 1, "submit_time": "2014-01-02T09:02:19.807Z", "progress": 0, "jobtype": "addtohitlist", "result": ""}}, {"pk": 39, "model": "main.submission", "fields": {"status": "p", "log": "", "comments": "", "project": 1, "submit_by": 1, "submit_time": "2014-01-03T09:10:08.836Z", "progress": 0, "jobtype": "mark", "result": ""}}, {"pk": 40, "model": "main.submission", "fields": {"status": "c", "log": "Job completed at 01/03/14,09:10. ", "comments": "", "project": 1, "submit_by": 1, "submit_time": "2014-01-03T09:10:28.533Z", "progress": 0, "jobtype": "mark", "result": ""}}, {"pk": 41, "model": "main.submission", "fields": {"status": "c", "log": "select plates: 3266 to update.for welltype X, updated .for welltype E, updated .for welltype P, updated B23,C23,D23,E23,F23,G23,H23,I23,J23,K23,L23,M23,N23,O23.for welltype N, updated .for welltype B, updated .Job completed at 01/03/14,09:17. ", "comments": "", "project": 1, "submit_by": 1, "submit_time": "2014-01-03T09:17:21.462Z", "progress": 0, "jobtype": "mark", "result": ""}}, {"pk": 42, "model": "main.submission", "fields": {"status": "c", "log": "select plates: 3266 to update.updated wells:  for welltype X.updated wells:  for welltype E.updated wells: B23,C23,D23,E23,F23,G23,H23,I23,J23,K23,L23,M23,N23,O23 for welltype P.updated wells:  for welltype N.updated wells:  for welltype B.Job completed at 01/03/14,09:18. ", "comments": "", "project": 1, "submit_by": 1, "submit_time": "2014-01-03T09:18:18.679Z", "progress": 0, "jobtype": "mark", "result": ""}}, {"pk": 43, "model": "main.submission", "fields": {"status": "p", "log": "select plates: 3266 to update.", "comments": "", "project": 1, "submit_by": 1, "submit_time": "2014-01-03T09:20:39.553Z", "progress": 0, "jobtype": "mark", "result": ""}}, {"pk": 44, "model": "main.submission", "fields": {"status": "c", "log": "select plates: 3266 to update.updated wells: B23,C23,D23,E23,F23,G23,H23,I23,J23,K23,L23,M23,N23,O23 for welltype P.Job completed at 01/03/14,09:21. ", "comments": "", "project": 1, "submit_by": 1, "submit_time": "2014-01-03T09:21:12.336Z", "progress": 0, "jobtype": "mark", "result": ""}}, {"pk": 45, "model": "main.submission", "fields": {"status": "c", "log": "Update plates: 3266. Job completed at 01/03/14,09:25. ", "comments": "", "project": 1, "submit_by": 1, "submit_time": "2014-01-03T09:25:03.433Z", "progress": 0, "jobtype": "score", "result": ""}}, {"pk": 46, "model": "main.submission", "fields": {"status": "c", "log": "Update plates: 3266,3267. Job completed at 01/03/14,14:55. ", "comments": "", "project": 1, "submit_by": 1, "submit_time": "2014-01-03T14:55:44.808Z", "progress": 0, "jobtype": "score", "result": ""}}, {"pk": 47, "model": "main.submission", "fields": {"status": "c", "log": "Update plates: 3266,3267. Job completed at 01/03/14,14:56. ", "comments": "", "project": 1, "submit_by": 1, "submit_time": "2014-01-03T14:56:14.435Z", "progress": 0, "jobtype": "score", "result": ""}}, {"pk": 48, "model": "main.submission", "fields": {"status": "p", "log": "", "comments": "", "project": 1, "submit_by": 1, "submit_time": "2014-01-03T15:11:24.451Z", "progress": 0, "jobtype": "addtohitlist", "result": ""}}, {"pk": 49, "model": "main.submission", "fields": {"status": "p", "log": "", "comments": "", "project": 1, "submit_by": 1, "submit_time": "2014-01-03T15:13:57.633Z", "progress": 0, "jobtype": "addtohitlist", "result": ""}}, {"pk": 50, "model": "main.submission", "fields": {"status": "p", "log": "", "comments": "", "project": 1, "submit_by": 1, "submit_time": "2014-01-03T15:24:06.534Z", "progress": 0, "jobtype": "addtohitlist", "result": ""}}, {"pk": 51, "model": "main.submission", "fields": {"status": "p", "log": "", "comments": "", "project": 1, "submit_by": 1, "submit_time": "2014-01-03T15:24:15.462Z", "progress": 0, "jobtype": "addtohitlist", "result": ""}}, {"pk": 52, "model": "main.submission", "fields": {"status": "p", "log": "", "comments": "", "project": 1, "submit_by": 1, "submit_time": "2014-01-03T15:24:32.843Z", "progress": 0, "jobtype": "addtohitlist", "result": ""}}, {"pk": 53, "model": "main.submission", "fields": {"status": "c", "log": "plates in queue: 3267,3268;plate: 3267 uploaded;plate: 3268 uploaded", "comments": "", "project": 1, "submit_by": 1, "submit_time": "2014-01-03T21:23:47.469Z", "progress": 0, "jobtype": "upload", "result": ""}}, {"pk": 54, "model": "main.submission", "fields": {"status": "p", "log": "Update plates: 3267,3268,3266. ", "comments": "", "project": 1, "submit_by": 1, "submit_time": "2014-01-04T10:30:32.035Z", "progress": 0, "jobtype": "score", "result": ""}}, {"pk": 55, "model": "main.submission", "fields": {"status": "c", "log": "select plates: 3268 to update.updated wells: B23,C23,D23,E23,F23,G23,H23,I23,J23,K23,L23,M23,N23,O23 for welltype P.updated wells: B24,C24,D24,E24,F24,G24,H24,I24,J24,K24,L24,M24,N24,O24 for welltype N.Job completed at 01/04/14,10:31. ", "comments": "", "project": 1, "submit_by": 1, "submit_time": "2014-01-04T10:31:04.144Z", "progress": 0, "jobtype": "mark", "result": ""}}, {"pk": 56, "model": "main.submission", "fields": {"status": "c", "log": "Update plates: 3267,3268,3266. Job completed at 01/04/14,10:31. ", "comments": "", "project": 1, "submit_by": 1, "submit_time": "2014-01-04T10:31:12.771Z", "progress": 0, "jobtype": "score", "result": ""}}, {"pk": 57, "model": "main.submission", "fields": {"status": "p", "log": "", "comments": "", "project": 1, "submit_by": 1, "submit_time": "2014-01-05T10:01:20.134Z", "progress": 0, "jobtype": "addtohitlist", "result": ""}}, {"pk": 58, "model": "main.submission", "fields": {"status": "p", "log": "plates in queue: 1,2", "comments": "", "project": 1, "submit_by": 1, "submit_time": "2014-01-11T19:38:01.249Z", "progress": 0, "jobtype": "upload", "result": ""}}, {"pk": 59, "model": "main.submission", "fields": {"status": "p", "log": "plates in queue: 1,2", "comments": "", "project": 1, "submit_by": 1, "submit_time": "2014-01-11T19:38:41.618Z", "progress": 0, "jobtype": "upload", "result": ""}}, {"pk": 60, "model": "main.submission", "fields": {"status": "p", "log": "plates in queue: 1,2", "comments": "", "project": 1, "submit_by": 1, "submit_time": "2014-01-11T19:39:18.669Z", "progress": 0, "jobtype": "upload", "result": ""}}, {"pk": 61, "model": "main.submission", "fields": {"status": "p", "log": "plates in queue: 1,2", "comments": "", "project": 1, "submit_by": 1, "submit_time": "2014-01-11T19:40:12.749Z", "progress": 0, "jobtype": "upload", "result": ""}}, {"pk": 62, "model": "main.submission", "fields": {"status": "p", "log": "plates in queue: 1,2", "comments": "", "project": 1, "submit_by": 1, "submit_time": "2014-01-11T19:41:58.254Z", "progress": 0, "jobtype": "upload", "result": ""}}, {"pk": 63, "model": "main.submission", "fields": {"status": "c", "log": "plates in queue: 1,2;plate: 1 uploaded;plate: 2 uploaded", "comments": "", "project": 1, "submit_by": 1, "submit_time": "2014-01-11T19:46:15.922Z", "progress": 0, "jobtype": "upload", "result": ""}}, {"pk": 64, "model": "main.submission", "fields": {"status": "c", "log": "plates in queue: 2,3;plate: 2 uploaded;plate: 3 uploaded", "comments": "", "project": 1, "submit_by": 1, "submit_time": "2014-01-11T19:57:50.669Z", "progress": 0, "jobtype": "upload", "result": ""}}, {"pk": 65, "model": "main.submission", "fields": {"status": "c", "log": "plates in queue: 1,2;plate: 1 uploaded;plate: 2 uploaded", "comments": "", "project": 1, "submit_by": 1, "submit_time": "2014-01-11T20:01:09.061Z", "progress": 0, "jobtype": "upload", "result": ""}}, {"pk": 66, "model": "main.submission", "fields": {"status": "p", "log": "plates in queue: 1,2", "comments": "", "project": 1, "submit_by": 1, "submit_time": "2014-01-11T20:04:32.659Z", "progress": 0, "jobtype": "upload", "result": ""}}, {"pk": 67, "model": "main.submission", "fields": {"status": "p", "log": "plates in queue: 1,2", "comments": "", "project": 1, "submit_by": 1, "submit_time": "2014-01-11T20:06:27.307Z", "progress": 0, "jobtype": "upload", "result": ""}}, {"pk": 68, "model": "main.submission", "fields": {"status": "p", "log": "plates in queue: 1,2", "comments": "", "project": 1, "submit_by": 1, "submit_time": "2014-01-11T20:09:25.651Z", "progress": 0, "jobtype": "upload", "result": ""}}, {"pk": 69, "model": "main.submission", "fields": {"status": "p", "log": "plates in queue: 1,2", "comments": "", "project": 1, "submit_by": 1, "submit_time": "2014-01-11T20:09:35.226Z", "progress": 0, "jobtype": "upload", "result": ""}}, {"pk": 70, "model": "main.submission", "fields": {"status": "c", "log": "plates in queue: 1,2;plate: 1 uploaded;plate: 2 uploaded", "comments": "", "project": 1, "submit_by": 1, "submit_time": "2014-01-11T20:09:41.826Z", "progress": 0, "jobtype": "upload", "result": ""}}, {"pk": 71, "model": "main.submission", "fields": {"status": "c", "log": "plates in queue: 1,2;plate: 1 uploaded;plate: 2 uploaded", "comments": "", "project": 1, "submit_by": 1, "submit_time": "2014-01-11T20:20:46.458Z", "progress": 0, "jobtype": "upload", "result": ""}}, {"pk": 72, "model": "main.submission", "fields": {"status": "c", "log": "plates in queue: 1,2;plate: 1 uploaded;plate: 2 uploaded", "comments": "", "project": 2, "submit_by": 1, "submit_time": "2014-01-11T20:21:16.327Z", "progress": 0, "jobtype": "upload", "result": ""}}, {"pk": 73, "model": "main.submission", "fields": {"status": "p", "log": "plates in queue: 1,2", "comments": "", "project": 2, "submit_by": 1, "submit_time": "2014-01-11T20:33:25.013Z", "progress": 0, "jobtype": "upload", "result": ""}}, {"pk": 74, "model": "main.submission", "fields": {"status": "p", "log": "plates in queue: 1,2", "comments": "", "project": 2, "submit_by": 1, "submit_time": "2014-01-11T20:34:19.839Z", "progress": 0, "jobtype": "upload", "result": ""}}, {"pk": 75, "model": "main.submission", "fields": {"status": "p", "log": "plates in queue: 1,2", "comments": "", "project": 2, "submit_by": 1, "submit_time": "2014-01-11T20:34:46.363Z", "progress": 0, "jobtype": "upload", "result": ""}}, {"pk": 76, "model": "main.submission", "fields": {"status": "c", "log": "plates in queue: 1,2;plate: 1 uploaded;plate: 2 uploaded", "comments": "", "project": 2, "submit_by": 1, "submit_time": "2014-01-11T20:35:13.084Z", "progress": 0, "jobtype": "upload", "result": ""}}, {"pk": 77, "model": "main.submission", "fields": {"status": "c", "log": "plates in queue: 1,2;plate: 1 uploaded;plate: 2 uploaded", "comments": "", "project": 2, "submit_by": 1, "submit_time": "2014-01-11T20:36:32.296Z", "progress": 0, "jobtype": "upload", "result": ""}}, {"pk": 78, "model": "main.submission", "fields": {"status": "c", "log": "plates in queue: 3,4;plate: 3 uploaded;plate: 4 uploaded", "comments": "", "project": 2, "submit_by": 1, "submit_time": "2014-01-11T20:55:39.497Z", "progress": 0, "jobtype": "upload", "result": ""}}, {"pk": 79, "model": "main.submission", "fields": {"status": "f", "log": "", "comments": "", "project": 2, "submit_by": 1, "submit_time": "2014-01-12T12:22:30.902Z", "progress": 0, "jobtype": "addtohitlist", "result": ""}}, {"pk": 80, "model": "main.submission", "fields": {"status": "f", "log": "", "comments": "", "project": 2, "submit_by": 1, "submit_time": "2014-01-12T12:22:37.970Z", "progress": 0, "jobtype": "addtohitlist", "result": ""}}, {"pk": 81, "model": "main.submission", "fields": {"status": "c", "log": "select plates: 4,2,3,1 to update.updated wells: B23,C23,D23,E23,F23,G23,H23,I23,J23,K23,L23,M23,N23,O23 for welltype P.updated wells: B24,C24,D24,E24,F24,G24,H24,I24,J24,K24,L24,M24,N24,O24 for welltype N.Job completed at 01/12/14,16:11. ", "comments": "", "project": 2, "submit_by": 1, "submit_time": "2014-01-12T16:11:06.300Z", "progress": 0, "jobtype": "mark", "result": ""}}, {"pk": 82, "model": "main.submission", "fields": {"status": "p", "log": "Update plates: 4,2,3,1. ", "comments": "", "project": 2, "submit_by": 1, "submit_time": "2014-01-12T16:27:44.286Z", "progress": 0, "jobtype": "score", "result": ""}}, {"pk": 83, "model": "main.submission", "fields": {"status": "p", "log": "Update plates: 4,2,3,1. ", "comments": "", "project": 2, "submit_by": 1, "submit_time": "2014-01-12T16:31:57.928Z", "progress": 0, "jobtype": "score", "result": ""}}, {"pk": 84, "model": "main.submission", "fields": {"status": "p", "log": "Update plates: 4,2,3,1. ", "comments": "", "project": 2, "submit_by": 1, "submit_time": "2014-01-12T16:32:01.148Z", "progress": 0, "jobtype": "score", "result": ""}}, {"pk": 85, "model": "main.submission", "fields": {"status": "p", "log": "Update plates: 4,2,3,1. ", "comments": "", "project": 2, "submit_by": 1, "submit_time": "2014-01-12T16:32:49.966Z", "progress": 0, "jobtype": "score", "result": ""}}, {"pk": 86, "model": "main.submission", "fields": {"status": "p", "log": "Update plates: 4,2,3,1. ", "comments": "", "project": 2, "submit_by": 1, "submit_time": "2014-01-12T16:33:08.148Z", "progress": 0, "jobtype": "score", "result": ""}}, {"pk": 87, "model": "main.submission", "fields": {"status": "p", "log": "Update plates: 4,2,3,1. ", "comments": "", "project": 2, "submit_by": 1, "submit_time": "2014-01-12T16:35:51.577Z", "progress": 0, "jobtype": "score", "result": ""}}, {"pk": 88, "model": "main.submission", "fields": {"status": "p", "log": "Update plates: 4,2,3,1. ", "comments": "", "project": 2, "submit_by": 1, "submit_time": "2014-01-12T16:38:43.768Z", "progress": 0, "jobtype": "score", "result": ""}}, {"pk": 89, "model": "main.submission", "fields": {"status": "p", "log": "Update plates: 4,2,3,1. ", "comments": "", "project": 2, "submit_by": 1, "submit_time": "2014-01-12T17:34:15.538Z", "progress": 0, "jobtype": "score", "result": ""}}, {"pk": 90, "model": "main.submission", "fields": {"status": "p", "log": "Update plates: 4,2,3,1. ", "comments": "", "project": 2, "submit_by": 1, "submit_time": "2014-01-12T17:34:42.184Z", "progress": 0, "jobtype": "score", "result": ""}}, {"pk": 91, "model": "main.submission", "fields": {"status": "p", "log": "Update plates: 4,2,3,1. ", "comments": "", "project": 2, "submit_by": 1, "submit_time": "2014-01-12T18:02:36.123Z", "progress": 0, "jobtype": "score", "result": ""}}, {"pk": 92, "model": "main.submission", "fields": {"status": "p", "log": "Update plates: 4,2,3,1. ", "comments": "", "project": 2, "submit_by": 1, "submit_time": "2014-01-12T18:03:48.281Z", "progress": 0, "jobtype": "score", "result": ""}}, {"pk": 93, "model": "main.submission", "fields": {"status": "p", "log": "Update plates: 4,2,3,1. ", "comments": "", "project": 2, "submit_by": 1, "submit_time": "2014-01-12T18:04:07.754Z", "progress": 0, "jobtype": "score", "result": ""}}, {"pk": 94, "model": "main.submission", "fields": {"status": "p", "log": "Update plates: 4,2,3,1. ", "comments": "", "project": 2, "submit_by": 1, "submit_time": "2014-01-12T18:04:50.154Z", "progress": 0, "jobtype": "score", "result": ""}}, {"pk": 95, "model": "main.submission", "fields": {"status": "c", "log": "Update plates: 4,2,3,1. Job completed at 01/12/14,18:06. ", "comments": "", "project": 2, "submit_by": 1, "submit_time": "2014-01-12T18:05:56.493Z", "progress": 0, "jobtype": "score", "result": ""}}, {"pk": 96, "model": "main.submission", "fields": {"status": "c", "log": "Update plates: 4,2,3,1. Job completed at 01/12/14,18:12. ", "comments": "", "project": 2, "submit_by": 1, "submit_time": "2014-01-12T18:11:55.855Z", "progress": 0, "jobtype": "score", "result": ""}}, {"pk": 97, "model": "main.submission", "fields": {"status": "c", "log": "Update plates: 4,2,3,1. Job completed at 01/12/14,18:12. ", "comments": "", "project": 2, "submit_by": 1, "submit_time": "2014-01-12T18:12:44.869Z", "progress": 0, "jobtype": "score", "result": ""}}, {"pk": 98, "model": "main.submission", "fields": {"status": "c", "log": "Update plates: 4,2,3,1. Job completed at 01/12/14,18:14. ", "comments": "", "project": 2, "submit_by": 1, "submit_time": "2014-01-12T18:14:09.525Z", "progress": 0, "jobtype": "score", "result": ""}}, {"pk": 99, "model": "main.submission", "fields": {"status": "c", "log": "Update plates: 4,2,3,1. Job completed at 01/12/14,18:22. ", "comments": "", "project": 2, "submit_by": 1, "submit_time": "2014-01-12T18:22:08.876Z", "progress": 0, "jobtype": "score", "result": ""}}]